Galaxy,R,Vbar2
UGC01281,0.08,-31.972499999999997
UGC01281,0.23,-21.619999999999997
